CANAL,UPC,Producto,Categoria,Unidades,Costo/und,Precio venta,Utilidad/und,Utilidad total,Retail (MSRP),# cont,Contenedores,Confianza precio,Notas
SAVVY,060258359916,BRITA ADVANCED PITCHER FILTER 10/10CT VALUE PALLET,Filtro pitcher,2082.0,15.71,36.36,6.83,14220.06,39.27,12.0,"E00408AA5FD1, E00408AFB2E5, E00408B0B552, E00408B208FE, E00408B3F881, E00408B3F8C3, E00408B3F8D7, E00408BD9111, E00408BF5C92, E00408C0CBE6, E00408C43D2F, E00408DA718F",ALTA - UPC exacto,
SAVVY,060258362435,Brita Elite 12/1ct Sidekick Display,Filtro pitcher,432.0,6.87,16.8,2.7,1166.4,16.8,2.0,"E00408B7F9F4, E00408D5A73D",ALTA - UPC exacto,
SAVVY,060258364606,Brita On Tap Filtration System Chrome/Chrome w/Extra Filter 4/1ct,Sistema grifo,93.0,13.54,33.86,6.83,635.19,33.86,2.0,"E00408B7F9F4, E00408C0CBE6",ALTA - UPC exacto,
SAVVY,060258508031,Brita Hub Filter 6/1ct SIOC,Filtro pitcher,156.0,7.82,19.54,3.63,566.28,19.54,1.0,E00408A25094,"MEDIA - por nombre (mismo tipo, no modelo exacto)","Precio de referencia por nombre, no del modelo exacto."
SAVVY,060258362442,Brita Elite Pitcher Filters 8/2ct FM01,Filtro pitcher,40.0,11.84,28.88,7.21,288.4,28.88,1.0,E00408BB3BB1,ALTA - UPC exacto,
SAVVY,060258363159,BRITA ADVANCED PITCHER FILTER 8/8CT,Filtro pitcher,40.0,13.32,33.29,7.06,282.4,33.29,1.0,E00408B7F9F4,ALTA - UPC exacto,
SAVVY,060258363128,Brita On Tap Replacement Filters Chrome 4/2ct 1 Tray,Filtro grifo,11.0,9.36,23.41,4.95,54.45,23.41,1.0,E00408B7F9F4,ALTA - UPC exacto,
SAVVY,060258364590,BRITA ON TAP FILTRATION SYSTEM WHITE/WHITE W/EXTRA FILTER 4/1CT,Sistema grifo,4.0,13.66,34.16,6.97,27.88,34.16,1.0,E00408A25094,ALTA - UPC exacto,"Cola larga: no listar solo, va en caja revuelta."
SAVVY,060258364170,BRITA ADVANCED PITCHER FILTER 2/6CT,Filtro pitcher,2.0,10.43,26.08,6.19,12.38,26.08,1.0,E00408A25094,ALTA - UPC exacto,"Cola larga: no listar solo, va en caja revuelta."
DWI,060258355017,BRITA ADVANCED PITCHER FILTERS 12/1CT,Filtro pitcher,2028.0,2.76,3.44,0.68,1379.04,6.89,2.0,"E004089FDE32, E00408A25094",ALTA - UPC exacto,
DWI,060258356182,Brita On Tap Filtration System Chrome/Chrome 4/1ct,Sistema grifo,524.0,9.57,11.96,2.39,1252.36,23.92,2.0,"E00408C0CBE6, E00408D25B54",ALTA - UPC exacto,"AL FILO: los dos canales pagan casi igual, manda donde haya capacidad."
DWI,060258364552,Brita SOHO Pitcher White w/Elite Filter 2/1ct,Pitcher,140.0,32.17,39.28,7.11,995.4,78.57,3.0,"E00408B7F9F4, E00408C0CBE6, E00408C38DCB","MEDIA - por nombre (mismo tipo, no modelo exacto)","CONFIRMAR pack size con vendedor (E00408C38DCB): 2 o 8 por caja. Swing $4,863. | Precio de referencia por nombre, no del modelo exacto."
DWI,060258509670,Brita Champlain Pitcher Bright White 100/1ct Value Pallet,Pitcher,283.0,11.78,14.73,2.95,834.85,29.46,4.0,"E00408B78418, E00408BD90EB, E00408C768A9, E00408D25B54",ALTA - UPC exacto,
DWI,060258507263,Brita Wave Pitcher White 2ct Elite 54/1ct Value Pallet PK01,Pitcher,98.0,14.92,18.66,3.74,366.52,37.31,2.0,"E00408CA9696, E00408CAA556","MEDIA - por nombre (mismo tipo, no modelo exacto)","Precio de referencia por nombre, no del modelo exacto."
DWI,060258365153,BRITA PACIFICA PITCHER WHITE W/LONGLAST FILTER 2/1CT,Pitcher,96.0,13.99,17.05,3.06,293.76,34.11,1.0,E00408DA7035,ALTA - UPC exacto,
DWI,060258509878,Brita Plus Everyday Pitcher - Clear 10 Cup,Pitcher,93.0,11.75,14.34,2.59,240.87,28.67,1.0,E00408D0A194,"MEDIA - por nombre (mismo tipo, no modelo exacto)","Precio de referencia por nombre, no del modelo exacto."
DWI,060258507492,BRITA ULTRAMAX DISPENSER GRAY 1/1CT SIOC,Dispenser,88.0,12.32,15.03,2.71,238.48,30.06,1.0,E00408B1FC60,"MEDIA - por nombre (mismo tipo, no modelo exacto)","Precio de referencia por nombre, no del modelo exacto."
DWI,060258506846,BRITA TAHOE PITCHER BRIGHT WHITE 2/1CT,Pitcher,96.0,10.98,13.38,2.4,230.4,26.77,1.0,E004089EE70A,"MEDIA - por nombre (mismo tipo, no modelo exacto)","Precio de referencia por nombre, no del modelo exacto."
DWI,060258507010,Brita Everyday Pitcher W/Smart Light Indicator Teal 1/1ct,Pitcher,96.0,10.73,13.09,2.36,226.56,26.18,1.0,E00408BB0E96,"MEDIA - por nombre (mismo tipo, no modelo exacto)","Precio de referencia por nombre, no del modelo exacto."
DWI,060258507447,Brita Metro Pitcher White SIOC 1/1ct,Pitcher,144.0,6.46,7.88,1.42,204.48,15.75,1.0,E00408D1901D,ALTA - UPC exacto,
DWI,060258364545,Brita Bottle Replacement Filters Hard Sided 8/6ct,Filtro botella,136.0,5.48,6.86,1.38,187.68,13.71,1.0,E00408C0CBE6,ALTA - UPC exacto,"AL FILO: los dos canales pagan casi igual, manda donde haya capacidad."
DWI,060258355031,BRITA PITCHER FILTERS 24/3CT SHIPPER,Filtro pitcher,109.0,6.19,7.74,1.54,167.86,15.47,3.0,"E00408A25094, E00408B7F9F4, E00408C0CBE6",ALTA - UPC exacto,
DWI,060258365252,BRITA PREMIUM FILTERING BOTTLE HARD SIDED BLUSH 36OZ 6/1CT,Botella,48.0,7.05,8.81,1.76,84.48,17.63,1.0,E00408A25094,"MEDIA - por nombre (mismo tipo, no modelo exacto)","Precio de referencia por nombre, no del modelo exacto."
DWI,060258506884,Brita Tahoe Pitcher w/ Elite+ Filter Bright White 2/1ct,Pitcher,24.0,13.41,16.76,3.35,80.4,33.52,1.0,E00408B7F9F4,ALTA - UPC exacto,
DWI,060258360899,BRITA SOHO PITCHER WHITE 2/1CT,Pitcher,52.0,6.57,8.09,1.52,79.04,16.18,4.0,"E00408A25094, E00408B13045, E00408B7F9F4, E00408C0CBE6",ALTA - UPC exacto,
DWI,060258506891,Brita Tahoe Pitcher w/ Elite Filter Black 2/1ct,Pitcher,16.0,13.74,16.76,3.02,48.32,33.52,1.0,E00408BB3BB1,"MEDIA - por nombre (mismo tipo, no modelo exacto)","Precio de referencia por nombre, no del modelo exacto."
DWI,060258509885,Brita Plus Metro Pitcher - Stone Blue 6 Cup,Pitcher,28.0,6.81,8.31,1.5,42.0,16.62,1.0,E00408BB3BB1,"MEDIA - por nombre (mismo tipo, no modelo exacto)","Precio de referencia por nombre, no del modelo exacto."
DWI,060258360936,BRITA SOHO PITCHER COLOR1 2/1CT,Pitcher,23.0,6.46,7.89,1.43,32.89,15.78,2.0,"E00408A25094, E00408BB3BB1",ALTA - UPC exacto,
DWI,060258508956,Brita Everyday Pitcher w/ Smart Light Indicator w/ Refillable Filter SIOC 1ct,Pitcher,2.0,74.76,91.17,16.41,32.82,182.34,1.0,E00408BB3BB1,"MEDIA - por nombre (mismo tipo, no modelo exacto)","Precio de referencia por nombre, no del modelo exacto. | Cola larga: no listar solo, va en caja revuelta."
DWI,060258365245,Brita Premium Filtering Bottle Hard Sided Sea Glass 36oz 6/1ct,Botella,18.0,6.97,8.71,1.74,31.32,17.43,1.0,E00408B7F9F4,"MEDIA - por nombre (mismo tipo, no modelo exacto)","Precio de referencia por nombre, no del modelo exacto."
DWI,060258364668,Brita Premium Filtering Bottle Hard Sided Orchid 36oz 6/1ct,Botella,12.0,6.97,8.71,1.74,20.88,17.43,1.0,E00408B7F9F4,"MEDIA - por nombre (mismo tipo, no modelo exacto)","Precio de referencia por nombre, no del modelo exacto."
DWI,060258363104,BRITA ON TAP REPLACEMENT FILTERS CHROME 6/1CT 1 TRAY,Filtro grifo,12.0,5.67,7.08,1.42,17.04,14.17,1.0,E00408A25094,ALTA - UPC exacto,
DWI,060258364521,Brita Premium Filtering Bottle Stainless Rose 20oz 6/1ct,Botella,6.0,8.36,10.2,1.84,11.04,20.4,1.0,E00408BB3BB1,"MEDIA - por nombre (mismo tipo, no modelo exacto)","Precio de referencia por nombre, no del modelo exacto. | Cola larga: no listar solo, va en caja revuelta."
DWI,060258363098,BRITA ON TAP REPLACEMENT FILTERS WHITE 6/1CT 1 TRAY,Filtro grifo,6.0,5.67,7.08,1.42,8.52,14.17,1.0,E00408A25094,ALTA - UPC exacto,"Cola larga: no listar solo, va en caja revuelta."
DWI,060258362619,Brita UltraMax Dispenser Jet Black with Elite Filter 2/1ct PK05,Dispenser,2.0,14.5,18.13,3.63,7.26,36.26,1.0,E00408B7F9F4,"MEDIA - por nombre (mismo tipo, no modelo exacto)","Precio de referencia por nombre, no del modelo exacto. | Cola larga: no listar solo, va en caja revuelta."
DWI,060258507041,Brita Everyday Pitcher W/Smart Light Indicator w/LongLast+ Filter Mazarine Blue 1/1ct,Pitcher,2.0,13.74,16.76,3.02,6.04,33.52,1.0,E00408BB3BB1,"MEDIA - por nombre (mismo tipo, no modelo exacto)","Precio de referencia por nombre, no del modelo exacto. | Cola larga: no listar solo, va en caja revuelta."
DWI,060258509854,Brita Tahoe Pitcher Stone Blue 2/1ct,Pitcher,2.0,10.47,13.09,2.62,5.24,26.18,1.0,E00408B7F9F4,"MEDIA - por nombre (mismo tipo, no modelo exacto)","Precio de referencia por nombre, no del modelo exacto. | Cola larga: no listar solo, va en caja revuelta."
DWI,060258507508,Brita UltraMax Dispenser Black 1/1ct SIOC,Dispenser,1.0,23.68,28.88,5.2,5.2,57.76,1.0,E00408BB3BB1,"MEDIA - por nombre (mismo tipo, no modelo exacto)","Precio de referencia por nombre, no del modelo exacto. | Cola larga: no listar solo, va en caja revuelta."
DWI,060258509847,Brita Denali Pitcher Stone Blue 2/1ct,Pitcher,2.0,6.3,7.88,1.58,3.16,15.75,1.0,E00408B7F9F4,"MEDIA - por nombre (mismo tipo, no modelo exacto)","Precio de referencia por nombre, no del modelo exacto. | Cola larga: no listar solo, va en caja revuelta."
DWI,060258507027,Brita Everyday Pitcher w/ Smart Light Indicator w/ Elite+ Filter BrightBright White 1/1ct,Pitcher,1.0,13.74,16.76,3.02,3.02,33.52,1.0,E00408BB3BB1,"MEDIA - por nombre (mismo tipo, no modelo exacto)","Precio de referencia por nombre, no del modelo exacto. | Cola larga: no listar solo, va en caja revuelta."
DWI,060258507928,Brita UltraMax Dispenser Mazarine Blue 2/1ct,Dispenser,1.0,11.55,14.44,2.89,2.89,28.88,1.0,E00408CAA556,"MEDIA - por nombre (mismo tipo, no modelo exacto)","Precio de referencia por nombre, no del modelo exacto. | Cola larga: no listar solo, va en caja revuelta."
DWI,060258352146,BRITA BASE FAUCET FILTRATION SYSTEM WHITE 4/1CT,Sistema grifo,2.0,5.73,7.17,1.43,2.86,14.33,1.0,E00408A25094,ALTA - UPC exacto,"Cola larga: no listar solo, va en caja revuelta."
DWI,060258509724,Brita Ultramax Dispenser Brita Plus White SIOC 1/1ct,Dispenser,1.0,12.8,15.62,2.81,2.81,31.23,1.0,E00408BB3BB1,"MEDIA - por nombre (mismo tipo, no modelo exacto)","Precio de referencia por nombre, no del modelo exacto. | Cola larga: no listar solo, va en caja revuelta."
DWI,060258509410,Brita Ultramax Dispenser Translucent Jet Black w/ Brita Plus 1/1ct SIOC,Dispenser,1.0,12.8,15.62,2.81,2.81,31.23,1.0,E00408BB3BB1,"MEDIA - por nombre (mismo tipo, no modelo exacto)","Precio de referencia por nombre, no del modelo exacto. | Cola larga: no listar solo, va en caja revuelta."
TOTAL,,44 SKUs (9 Savvy + 35 DWI),,7053.0,,,,24401.74,,,,,
